{"cameraMode":{"drawMode":0,"name":"Shaded","section":"Shading Mode"},"sceneLighting":false,"audioPlay":false,"sceneViewState":{"m_AlwaysRefresh":false,"showFog":true,"showSkybox":false,"showFlares":true,"showImageEffects":true,"showParticleSystems":true,"showVisualEffectGraphs":true,"m_FxEnabled":true},"in2DMode":false,"pivot":{"x":2.8798036575317385,"y":0.9600845575332642,"z":-1.1803836822509766},"rotation":{"x":0.30259934067726138,"y":0.1647295355796814,"z":-0.05325524881482124,"w":0.9372352957725525},"size":44.68305969238281,"orthographic":false}