{"cameraMode":{"drawMode":0,"name":"Shaded","section":"Shading Mode"},"sceneLighting":false,"audioPlay":false,"sceneViewState":{"m_AlwaysRefresh":false,"showFog":true,"showSkybox":false,"showFlares":true,"showImageEffects":true,"showParticleSystems":true,"showVisualEffectGraphs":true,"m_FxEnabled":true},"in2DMode":false,"pivot":{"x":2.148494005203247,"y":13.917747497558594,"z":-19.673011779785158},"rotation":{"x":0.29141268134117129,"y":0.09733935445547104,"z":-0.029892493039369584,"w":0.9511350989341736},"size":1.7478773593902588,"orthographic":false}