{"cameraMode":{"drawMode":0,"name":"Shaded","section":"Shading Mode"},"sceneLighting":false,"audioPlay":false,"sceneViewState":{"m_AlwaysRefresh":false,"showFog":true,"showSkybox":false,"showFlares":true,"showImageEffects":true,"showParticleSystems":true,"showVisualEffectGraphs":true,"m_FxEnabled":true},"in2DMode":false,"pivot":{"x":0.002000093460083008,"y":0.35365772247314455,"z":-6.732608795166016},"rotation":{"x":-0.17032194137573243,"y":0.04196344316005707,"z":-0.007248889654874802,"w":-0.9844839572906494},"size":9.849268913269043,"orthographic":false}