{"cameraMode":{"drawMode":0,"name":"Shaded","section":"Shading Mode"},"sceneLighting":false,"audioPlay":false,"sceneViewState":{"m_AlwaysRefresh":false,"showFog":true,"showSkybox":false,"showFlares":true,"showImageEffects":true,"showParticleSystems":true,"showVisualEffectGraphs":true,"m_FxEnabled":true},"in2DMode":false,"pivot":{"x":1.7949084043502808,"y":0.6340344548225403,"z":-0.9221961498260498},"rotation":{"x":0.00032766160438768566,"y":0.9917117953300476,"z":-0.0026901457458734514,"w":0.1286476105451584},"size":2.177628517150879,"orthographic":false}