{"cameraMode":{"drawMode":0,"name":"Shaded","section":"Shading Mode"},"sceneLighting":false,"audioPlay":false,"sceneViewState":{"m_AlwaysRefresh":false,"showFog":true,"showSkybox":false,"showFlares":true,"showImageEffects":true,"showParticleSystems":true,"showVisualEffectGraphs":true,"m_FxEnabled":true},"in2DMode":false,"pivot":{"x":1.3165985345840455,"y":0.22648754715919496,"z":2.049962043762207},"rotation":{"x":0.10907470434904099,"y":-0.06109313294291496,"z":0.006716563832014799,"w":0.9921311736106873},"size":3.376941680908203,"orthographic":false}