{"cameraMode":{"drawMode":0,"name":"Shaded","section":"Shading Mode"},"sceneLighting":false,"audioPlay":false,"sceneViewState":{"m_AlwaysRefresh":false,"showFog":true,"showSkybox":false,"showFlares":true,"showImageEffects":true,"showParticleSystems":true,"showVisualEffectGraphs":true,"m_FxEnabled":true},"in2DMode":false,"pivot":{"x":1.7975671291351319,"y":-0.02978595718741417,"z":-0.587432324886322},"rotation":{"x":0.08880311250686646,"y":0.834868848323822,"z":-0.14134907722473145,"w":0.5245897173881531},"size":2.1081347465515138,"orthographic":false}