{"cameraMode":{"drawMode":0,"name":"Shaded","section":"Shading Mode"},"sceneLighting":false,"audioPlay":false,"sceneViewState":{"m_AlwaysRefresh":false,"showFog":true,"showSkybox":false,"showFlares":true,"showImageEffects":true,"showParticleSystems":true,"showVisualEffectGraphs":true,"m_FxEnabled":true},"in2DMode":false,"pivot":{"x":-0.8322740793228149,"y":0.19473040103912354,"z":0.31517815589904787},"rotation":{"x":0.1820758581161499,"y":-0.5772210359573364,"z":0.13393519818782807,"w":0.784702479839325},"size":2.327258586883545,"orthographic":false}