{"cameraMode":{"drawMode":0,"name":"Shaded","section":"Shading Mode"},"sceneLighting":false,"audioPlay":false,"sceneViewState":{"m_AlwaysRefresh":false,"showFog":true,"showSkybox":false,"showFlares":true,"showImageEffects":true,"showParticleSystems":true,"showVisualEffectGraphs":true,"m_FxEnabled":true},"in2DMode":false,"pivot":{"x":-5.340392589569092,"y":0.19606757164001466,"z":-2.573288917541504},"rotation":{"x":0.2698686420917511,"y":0.01731947809457779,"z":-0.004917459096759558,"w":0.9627047181129456},"size":5.153784275054932,"orthographic":false}