{"cameraMode":{"drawMode":0,"name":"Shaded","section":"Shading Mode"},"sceneLighting":false,"audioPlay":false,"sceneViewState":{"m_AlwaysRefresh":false,"showFog":true,"showSkybox":false,"showFlares":true,"showImageEffects":true,"showParticleSystems":true,"showVisualEffectGraphs":true,"m_FxEnabled":true},"in2DMode":false,"pivot":{"x":-0.12723517417907716,"y":-0.02827167510986328,"z":-0.054986000061035159},"rotation":{"x":-0.008726032450795174,"y":0.9909695982933044,"z":-0.107149638235569,"w":-0.08043896406888962},"size":2.098281145095825,"orthographic":false}