{"cameraMode":{"drawMode":0,"name":"Shaded","section":"Shading Mode"},"sceneLighting":false,"audioPlay":false,"sceneViewState":{"m_AlwaysRefresh":false,"showFog":true,"showSkybox":false,"showFlares":true,"showImageEffects":true,"showParticleSystems":true,"showVisualEffectGraphs":true,"m_FxEnabled":true},"in2DMode":false,"pivot":{"x":0.1509609818458557,"y":0.21119046211242677,"z":-6.8244171142578129},"rotation":{"x":0.16435612738132478,"y":-0.7395771741867065,"z":0.1951468288898468,"w":0.6227959394454956},"size":1.432780146598816,"orthographic":false}