{"cameraMode":{"drawMode":0,"name":"Shaded","section":"Shading Mode"},"sceneLighting":false,"audioPlay":false,"sceneViewState":{"m_AlwaysRefresh":false,"showFog":true,"showSkybox":false,"showFlares":true,"showImageEffects":true,"showParticleSystems":true,"showVisualEffectGraphs":true,"m_FxEnabled":true},"in2DMode":false,"pivot":{"x":0.0000024437904357910158,"y":0.5891275405883789,"z":-7.210000038146973},"rotation":{"x":0.16435612738132478,"y":-0.7395771741867065,"z":0.1951468288898468,"w":0.6227959394454956},"size":1.149735927581787,"orthographic":false}