{"cameraMode":{"drawMode":0,"name":"Shaded","section":"Shading Mode"},"sceneLighting":false,"audioPlay":false,"sceneViewState":{"m_AlwaysRefresh":false,"showFog":true,"showSkybox":false,"showFlares":true,"showImageEffects":true,"showParticleSystems":true,"showVisualEffectGraphs":true,"m_FxEnabled":true},"in2DMode":false,"pivot":{"x":3.111936569213867,"y":-8.789542198181153,"z":5.681140899658203},"rotation":{"x":0.30380088090896609,"y":0.014558772556483746,"z":-0.004682826343923807,"w":0.9526382088661194},"size":14.099077224731446,"orthographic":false}