{"cameraMode":{"drawMode":0,"name":"Shaded","section":"Shading Mode"},"sceneLighting":true,"audioPlay":false,"sceneViewState":{"m_AlwaysRefresh":false,"showFog":true,"showSkybox":false,"showFlares":true,"showImageEffects":true,"showParticleSystems":true,"showVisualEffectGraphs":true,"m_FxEnabled":true},"in2DMode":false,"pivot":{"x":0.057000160217285159,"y":1.1596558094024659,"z":-3.0769996643066408},"rotation":{"x":-0.15320713818073274,"y":0.8059591054916382,"z":-0.24714350700378419,"w":-0.5144095420837402},"size":12.12435531616211,"orthographic":false}