{"cameraMode":{"drawMode":0,"name":"Shaded","section":"Shading Mode"},"sceneLighting":false,"audioPlay":false,"sceneViewState":{"m_AlwaysRefresh":false,"showFog":true,"showSkybox":false,"showFlares":true,"showImageEffects":true,"showParticleSystems":true,"showVisualEffectGraphs":true,"m_FxEnabled":true},"in2DMode":false,"pivot":{"x":2.5416364669799806,"y":-1.1621055603027344,"z":-0.744450569152832},"rotation":{"x":0.26554208993911745,"y":-0.01591726578772068,"z":0.004321925807744265,"w":0.9639307260513306},"size":14.926462173461914,"orthographic":false}