{"cameraMode":{"drawMode":0,"name":"Shaded","section":"Shading Mode"},"sceneLighting":false,"audioPlay":false,"sceneViewState":{"m_AlwaysRefresh":false,"showFog":true,"showSkybox":false,"showFlares":true,"showImageEffects":true,"showParticleSystems":true,"showVisualEffectGraphs":true,"m_FxEnabled":true},"in2DMode":false,"pivot":{"x":4.394356727600098,"y":0.7008917331695557,"z":-16.761075973510743},"rotation":{"x":0.16485391557216645,"y":0.04939322918653488,"z":-0.008534738793969155,"w":0.9846364259719849},"size":0.8791625499725342,"orthographic":false}