{"cameraMode":{"drawMode":0,"name":"Shaded","section":"Shading Mode"},"sceneLighting":false,"audioPlay":false,"sceneViewState":{"m_AlwaysRefresh":false,"showFog":true,"showSkybox":false,"showFlares":true,"showImageEffects":true,"showParticleSystems":true,"showVisualEffectGraphs":true,"m_FxEnabled":true},"in2DMode":false,"pivot":{"x":0.6529617309570313,"y":0.22626233100891114,"z":1.2082533836364747},"rotation":{"x":0.20276641845703126,"y":-0.33410245180130007,"z":0.07382640242576599,"w":0.917506754398346},"size":0.364005446434021,"orthographic":false}