{"cameraMode":{"drawMode":0,"name":"Shaded","section":"Shading Mode"},"sceneLighting":false,"audioPlay":false,"sceneViewState":{"m_AlwaysRefresh":false,"showFog":true,"showSkybox":false,"showFlares":true,"showImageEffects":true,"showParticleSystems":true,"showVisualEffectGraphs":true,"m_FxEnabled":true},"in2DMode":false,"pivot":{"x":0.011927604675292969,"y":-0.1686798334121704,"z":0.21581578254699708},"rotation":{"x":-0.0013944411184638739,"y":0.997651994228363,"z":-0.06564924865961075,"w":-0.020634014159440995},"size":2.2130048274993898,"orthographic":false}