{"cameraMode":{"drawMode":0,"name":"Shaded","section":"Shading Mode"},"sceneLighting":false,"audioPlay":false,"sceneViewState":{"m_AlwaysRefresh":false,"showFog":true,"showSkybox":false,"showFlares":true,"showImageEffects":true,"showParticleSystems":true,"showVisualEffectGraphs":true,"m_FxEnabled":true},"in2DMode":false,"pivot":{"x":-2.768338680267334,"y":-0.30205821990966799,"z":-0.10890722274780274},"rotation":{"x":-0.30431219935417178,"y":0.11848833411931992,"z":-0.0381484180688858,"w":-0.9444299936294556},"size":14.210136413574219,"orthographic":false}