{"cameraMode":{"drawMode":0,"name":"Shaded","section":"Shading Mode"},"sceneLighting":false,"audioPlay":false,"sceneViewState":{"m_AlwaysRefresh":false,"showFog":true,"showSkybox":false,"showFlares":true,"showImageEffects":true,"showParticleSystems":true,"showVisualEffectGraphs":true,"m_FxEnabled":true},"in2DMode":false,"pivot":{"x":-6.403617858886719,"y":1.6658639907836915,"z":-0.8874930143356323},"rotation":{"x":-0.12355206906795502,"y":0.16912472248077393,"z":-0.021343465894460679,"w":-0.977611780166626},"size":2.7167911529541017,"orthographic":false}