{"cameraMode":{"drawMode":0,"name":"Shaded","section":"Shading Mode"},"sceneLighting":false,"audioPlay":false,"sceneViewState":{"m_AlwaysRefresh":false,"showFog":true,"showSkybox":false,"showFlares":true,"showImageEffects":true,"showParticleSystems":true,"showVisualEffectGraphs":true,"m_FxEnabled":true},"in2DMode":false,"pivot":{"x":1.138145923614502,"y":-3.2511844635009767,"z":6.035822868347168},"rotation":{"x":0.25774791836738589,"y":0.013319632969796658,"z":-0.003584944875910878,"w":0.9661388993263245},"size":14.091598510742188,"orthographic":false}