{"cameraMode":{"drawMode":0,"name":"Shaded","section":"Shading Mode"},"sceneLighting":false,"audioPlay":false,"sceneViewState":{"m_AlwaysRefresh":false,"showFog":true,"showSkybox":false,"showFlares":true,"showImageEffects":true,"showParticleSystems":true,"showVisualEffectGraphs":true,"m_FxEnabled":true},"in2DMode":false,"pivot":{"x":2.3989415168762209,"y":-7.5824079513549809,"z":12.931324005126954},"rotation":{"x":0.26198485493659975,"y":0.030669717118144037,"z":-0.008361684158444405,"w":0.9645733833312988},"size":14.091598510742188,"orthographic":false}