{"cameraMode":{"drawMode":0,"name":"Shaded","section":"Shading Mode"},"sceneLighting":false,"audioPlay":false,"sceneViewState":{"m_AlwaysRefresh":false,"showFog":true,"showSkybox":false,"showFlares":true,"showImageEffects":true,"showParticleSystems":true,"showVisualEffectGraphs":true,"m_FxEnabled":true},"in2DMode":false,"pivot":{"x":-8.662442207336426,"y":-29.153806686401368,"z":27.462921142578126},"rotation":{"x":0.35060083866119387,"y":-0.12866879999637605,"z":0.048635128885507587,"w":0.9263395071029663},"size":24.05657386779785,"orthographic":false}