{"cameraMode":{"drawMode":0,"name":"Shaded","section":"Shading Mode"},"sceneLighting":false,"audioPlay":false,"sceneViewState":{"m_AlwaysRefresh":false,"showFog":true,"showSkybox":false,"showFlares":true,"showImageEffects":true,"showParticleSystems":true,"showVisualEffectGraphs":true,"m_FxEnabled":true},"in2DMode":false,"pivot":{"x":30.59149169921875,"y":-18.84660530090332,"z":11.566843032836914},"rotation":{"x":0.3056212365627289,"y":0.034251801669597629,"z":-0.011071080341935158,"w":0.9514446258544922},"size":73.46119689941406,"orthographic":false}