{"cameraMode":{"drawMode":0,"name":"Shaded","section":"Shading Mode"},"sceneLighting":false,"audioPlay":false,"sceneViewState":{"m_AlwaysRefresh":false,"showFog":true,"showSkybox":false,"showFlares":true,"showImageEffects":true,"showParticleSystems":true,"showVisualEffectGraphs":true,"m_FxEnabled":true},"in2DMode":false,"pivot":{"x":-14.139113426208496,"y":-23.537925720214845,"z":3.952669143676758},"rotation":{"x":0.533450722694397,"y":-0.016520852223038675,"z":0.010346119292080403,"w":0.8455756306648254},"size":45.63538360595703,"orthographic":false}