{"cameraMode":{"drawMode":0,"name":"Shaded","section":"Shading Mode"},"sceneLighting":false,"audioPlay":false,"sceneViewState":{"m_AlwaysRefresh":false,"showFog":true,"showSkybox":false,"showFlares":true,"showImageEffects":true,"showParticleSystems":true,"showVisualEffectGraphs":true,"m_FxEnabled":true},"in2DMode":false,"pivot":{"x":-33.50551986694336,"y":-27.779617309570314,"z":-5.743682861328125},"rotation":{"x":0.5322816967964172,"y":-0.000029962899134261534,"z":-0.00005755213351221755,"w":0.8465360403060913},"size":56.869991302490237,"orthographic":false}