{"cameraMode":{"drawMode":0,"name":"Shaded","section":"Shading Mode"},"sceneLighting":false,"audioPlay":false,"sceneViewState":{"m_AlwaysRefresh":false,"showFog":true,"showSkybox":false,"showFlares":true,"showImageEffects":true,"showParticleSystems":true,"showVisualEffectGraphs":true,"m_FxEnabled":true},"in2DMode":false,"pivot":{"x":2.177434206008911,"y":-14.321962356567383,"z":16.863183975219728},"rotation":{"x":0.3056212365627289,"y":0.034251801669597629,"z":-0.011071080341935158,"w":0.9514446258544922},"size":36.82210159301758,"orthographic":false}