{"cameraMode":{"drawMode":0,"name":"Shaded","section":"Shading Mode"},"sceneLighting":true,"audioPlay":false,"sceneViewState":{"m_AlwaysRefresh":false,"showFog":true,"showSkybox":false,"showFlares":true,"showImageEffects":true,"showParticleSystems":true,"showVisualEffectGraphs":true,"m_FxEnabled":true},"in2DMode":false,"pivot":{"x":0.6931147575378418,"y":-6.882397651672363,"z":-0.6308383941650391},"rotation":{"x":-0.3287998139858246,"y":-0.06028255820274353,"z":0.017207063734531404,"w":-0.9416472911834717},"size":13.926925659179688,"orthographic":false}