{"cameraMode":{"drawMode":0,"name":"Shaded","section":"Shading Mode"},"sceneLighting":true,"audioPlay":false,"sceneViewState":{"m_AlwaysRefresh":false,"showFog":true,"showSkybox":true,"showFlares":true,"showImageEffects":true,"showParticleSystems":true,"showVisualEffectGraphs":true,"m_FxEnabled":true},"in2DMode":false,"pivot":{"x":0.024283885955810548,"y":1.667851448059082,"z":0.36780357360839846},"rotation":{"x":0.3426568806171417,"y":-0.018326539546251298,"z":0.0066738552413880829,"w":0.9392660856246948},"size":10.677684783935547,"orthographic":false}