{"cameraMode":{"drawMode":0,"name":"Shaded","section":"Shading Mode"},"sceneLighting":true,"audioPlay":false,"sceneViewState":{"m_AlwaysRefresh":false,"showFog":true,"showSkybox":true,"showFlares":true,"showImageEffects":true,"showParticleSystems":true,"showVisualEffectGraphs":true,"m_FxEnabled":true},"in2DMode":false,"pivot":{"x":402.5050354003906,"y":814.5445556640625,"z":9.33721923828125},"rotation":{"x":0.026660442352294923,"y":0.058740369975566867,"z":-0.0015723244287073613,"w":0.997938871383667},"size":669.7539672851563,"orthographic":false}