{"cameraMode":{"drawMode":0,"name":"Shaded","section":"Shading Mode"},"sceneLighting":true,"audioPlay":false,"sceneViewState":{"m_AlwaysRefresh":false,"showFog":true,"showSkybox":true,"showFlares":true,"showImageEffects":true,"showParticleSystems":true,"showVisualEffectGraphs":true,"m_FxEnabled":true},"in2DMode":false,"pivot":{"x":585.3804931640625,"y":868.7376708984375,"z":1048.0316162109375},"rotation":{"x":0.03569558262825012,"y":0.01978062279522419,"z":-0.0007125402917154133,"w":0.9991889595985413},"size":919.165771484375,"orthographic":false}