{"cameraMode":{"drawMode":0,"name":"Shaded","section":"Shading Mode"},"sceneLighting":true,"audioPlay":false,"sceneViewState":{"m_AlwaysRefresh":false,"showFog":true,"showSkybox":true,"showFlares":true,"showImageEffects":true,"showParticleSystems":true,"showVisualEffectGraphs":true,"m_FxEnabled":true},"in2DMode":false,"pivot":{"x":3.9145755767822267,"y":-0.7415733337402344,"z":14.568543434143067},"rotation":{"x":0.08308059722185135,"y":0.514528214931488,"z":-0.050179433077573779,"w":0.8519883155822754},"size":12.539325714111329,"orthographic":false}