{"cameraMode":{"drawMode":0,"name":"Shaded","section":"Shading Mode"},"sceneLighting":true,"audioPlay":false,"sceneViewState":{"m_AlwaysRefresh":false,"showFog":true,"showSkybox":true,"showFlares":true,"showImageEffects":true,"showParticleSystems":true,"showVisualEffectGraphs":true,"m_FxEnabled":true},"in2DMode":false,"pivot":{"x":-3.841285467147827,"y":9.086389541625977,"z":30.323566436767579},"rotation":{"x":-0.28771430253982546,"y":-0.07689839601516724,"z":0.023185450583696367,"w":-0.9543563723564148},"size":3.6812376976013185,"orthographic":false}