{"cameraMode":{"drawMode":0,"name":"Shaded","section":"Shading Mode"},"sceneLighting":true,"audioPlay":false,"sceneViewState":{"m_AlwaysRefresh":false,"showFog":true,"showSkybox":true,"showFlares":true,"showImageEffects":true,"showParticleSystems":true,"showVisualEffectGraphs":true,"m_FxEnabled":true},"in2DMode":false,"pivot":{"x":-27.282062530517579,"y":-21.384143829345704,"z":34.365989685058597},"rotation":{"x":-0.2453671544790268,"y":0.6533806324005127,"z":-0.23724369704723359,"w":-0.6757094860076904},"size":35.193294525146487,"orthographic":false}