{"cameraMode":{"drawMode":0,"name":"Shaded","section":"Shading Mode"},"sceneLighting":true,"audioPlay":false,"sceneViewState":{"m_AlwaysRefresh":false,"showFog":true,"showSkybox":true,"showFlares":true,"showImageEffects":true,"showParticleSystems":true,"showVisualEffectGraphs":true,"m_FxEnabled":true},"in2DMode":false,"pivot":{"x":749.4505004882813,"y":1230.7664794921875,"z":108.6527099609375},"rotation":{"x":-0.14557421207427979,"y":0.06203983351588249,"z":-0.012831103056669236,"w":-0.9866816401481628},"size":392.5168151855469,"orthographic":false}