{"cameraMode":{"drawMode":0,"name":"Shaded","section":"Shading Mode"},"sceneLighting":true,"audioPlay":false,"sceneViewState":{"m_AlwaysRefresh":false,"showFog":true,"showSkybox":true,"showFlares":true,"showImageEffects":true,"showParticleSystems":true,"showVisualEffectGraphs":true,"m_FxEnabled":true},"in2DMode":false,"pivot":{"x":0.854038655757904,"y":0.9753069877624512,"z":12.123754501342774},"rotation":{"x":-0.10329696536064148,"y":-0.01759052649140358,"z":0.001832719543017447,"w":-0.9944933652877808},"size":0.07525218278169632,"orthographic":false}