{"cameraMode":{"drawMode":0,"name":"Shaded","section":"Shading Mode"},"sceneLighting":false,"audioPlay":false,"sceneViewState":{"m_AlwaysRefresh":false,"showFog":true,"showSkybox":true,"showFlares":true,"showImageEffects":true,"showParticleSystems":true,"showVisualEffectGraphs":true,"m_FxEnabled":true},"in2DMode":false,"pivot":{"x":-4.6070122718811039,"y":6.44374942779541,"z":56.62718200683594},"rotation":{"x":-0.19458554685115815,"y":-0.020018398761749269,"z":0.004003092646598816,"w":-0.980545699596405},"size":0.9217156171798706,"orthographic":false}