{"cameraMode":{"drawMode":0,"name":"Shaded","section":"Shading Mode"},"sceneLighting":true,"audioPlay":false,"sceneViewState":{"m_AlwaysRefresh":false,"showFog":true,"showSkybox":true,"showFlares":true,"showImageEffects":true,"showParticleSystems":true,"showVisualEffectGraphs":true,"m_FxEnabled":true},"in2DMode":false,"pivot":{"x":508.1385803222656,"y":1092.3565673828125,"z":166.40872192382813},"rotation":{"x":0.05615610256791115,"y":-0.13556993007659913,"z":0.00769034493714571,"w":0.9891674518585205},"size":869.9569091796875,"orthographic":false}