{"cameraMode":{"drawMode":0,"name":"Shaded","section":"Shading Mode"},"sceneLighting":true,"audioPlay":false,"sceneViewState":{"m_AlwaysRefresh":false,"showFog":true,"showSkybox":true,"showFlares":true,"showImageEffects":true,"showParticleSystems":true,"showVisualEffectGraphs":true,"m_FxEnabled":true},"in2DMode":false,"pivot":{"x":1.6273419857025147,"y":0.5155131816864014,"z":66.8974380493164},"rotation":{"x":-0.021863557398319246,"y":0.04521844908595085,"z":-0.0011967052705585957,"w":-0.9984830617904663},"size":0.9155784249305725,"orthographic":false}