{"cameraMode":{"drawMode":0,"name":"Shaded","section":"Shading Mode"},"sceneLighting":true,"audioPlay":false,"sceneViewState":{"m_AlwaysRefresh":false,"showFog":true,"showSkybox":false,"showFlares":true,"showImageEffects":true,"showParticleSystems":true,"showVisualEffectGraphs":true,"m_FxEnabled":true},"in2DMode":false,"pivot":{"x":1.4274592399597169,"y":2.317298173904419,"z":-1.9923611879348755},"rotation":{"x":-0.008190241642296315,"y":0.9864376783370972,"z":-0.15545453131198884,"w":-0.05153747648000717},"size":3.992750644683838,"orthographic":false}