{"cameraMode":{"drawMode":0,"name":"Shaded","section":"Shading Mode"},"sceneLighting":false,"audioPlay":false,"sceneViewState":{"m_AlwaysRefresh":false,"showFog":true,"showSkybox":false,"showFlares":true,"showImageEffects":true,"showParticleSystems":true,"showVisualEffectGraphs":true,"m_FxEnabled":true},"in2DMode":false,"pivot":{"x":0.8548232913017273,"y":0.49967992305755618,"z":2.0067319869995119},"rotation":{"x":-0.02112285979092121,"y":0.9778646230697632,"z":-0.16856828331947328,"w":-0.1223704069852829},"size":0.31216880679130556,"orthographic":false}