{"cameraMode":{"drawMode":0,"name":"Shaded","section":"Shading Mode"},"sceneLighting":false,"audioPlay":false,"sceneViewState":{"m_AlwaysRefresh":false,"showFog":true,"showSkybox":false,"showFlares":true,"showImageEffects":true,"showParticleSystems":true,"showVisualEffectGraphs":true,"m_FxEnabled":true},"in2DMode":false,"pivot":{"x":1.7152304649353028,"y":0.10613346099853516,"z":-2.3770580291748049},"rotation":{"x":0.2865467369556427,"y":0.23015713691711427,"z":-0.07115894556045532,"w":0.9273093938827515},"size":12.293399810791016,"orthographic":false}