{"cameraMode":{"drawMode":0,"name":"Shaded","section":"Shading Mode"},"sceneLighting":false,"audioPlay":false,"sceneViewState":{"m_AlwaysRefresh":false,"showFog":true,"showSkybox":false,"showFlares":true,"showImageEffects":true,"showParticleSystems":true,"showVisualEffectGraphs":true,"m_FxEnabled":true},"in2DMode":false,"pivot":{"x":2.386859178543091,"y":1.2338870763778687,"z":0.09664270281791687},"rotation":{"x":0.28449389338493349,"y":-0.2737099528312683,"z":0.08511843532323837,"w":0.9148337841033936},"size":0.25980761647224429,"orthographic":false}