{"cameraMode":{"drawMode":0,"name":"Shaded","section":"Shading Mode"},"sceneLighting":false,"audioPlay":false,"sceneViewState":{"m_AlwaysRefresh":false,"showFog":true,"showSkybox":false,"showFlares":true,"showImageEffects":true,"showParticleSystems":true,"showVisualEffectGraphs":true,"m_FxEnabled":true},"in2DMode":false,"pivot":{"x":0.23818349838256837,"y":-0.2472318708896637,"z":0.1982417106628418},"rotation":{"x":0.17185060679912568,"y":0.3629567325115204,"z":-0.06830688565969467,"w":0.9132753014564514},"size":1.0533685684204102,"orthographic":false}