{"cameraMode":{"drawMode":0,"name":"Shaded","section":"Shading Mode"},"sceneLighting":false,"audioPlay":false,"sceneViewState":{"m_AlwaysRefresh":false,"showFog":true,"showSkybox":false,"showFlares":true,"showImageEffects":true,"showParticleSystems":true,"showVisualEffectGraphs":true,"m_FxEnabled":true},"in2DMode":false,"pivot":{"x":-0.937042236328125,"y":0.14540252089500428,"z":4.6582536697387699},"rotation":{"x":0.20276641845703126,"y":-0.33410245180130007,"z":0.07382640242576599,"w":0.917506754398346},"size":0.7476116418838501,"orthographic":false}