{"cameraMode":{"drawMode":0,"name":"Shaded","section":"Shading Mode"},"sceneLighting":true,"audioPlay":false,"sceneViewState":{"m_AlwaysRefresh":false,"showFog":true,"showSkybox":false,"showFlares":true,"showImageEffects":true,"showParticleSystems":true,"showVisualEffectGraphs":true,"m_FxEnabled":true},"in2DMode":false,"pivot":{"x":-0.3709103465080261,"y":0.6701145768165588,"z":0.9185706973075867},"rotation":{"x":0.026905382052063943,"y":0.8731505274772644,"z":-0.048509687185287479,"w":0.4842836260795593},"size":0.8660253882408142,"orthographic":false}