{"cameraMode":{"drawMode":0,"name":"Shaded","section":"Shading Mode"},"sceneLighting":false,"audioPlay":false,"sceneViewState":{"m_AlwaysRefresh":false,"showFog":true,"showSkybox":false,"showFlares":true,"showImageEffects":true,"showParticleSystems":true,"showVisualEffectGraphs":true,"m_FxEnabled":true},"in2DMode":false,"pivot":{"x":-0.06174832582473755,"y":0.24372249841690064,"z":-0.005508542060852051},"rotation":{"x":0.04284033551812172,"y":-0.9269168376922607,"z":0.35465914011001589,"w":0.11275538057088852},"size":1.072045922279358,"orthographic":false}