{"cameraMode":{"drawMode":0,"name":"Shaded","section":"Shading Mode"},"sceneLighting":false,"audioPlay":false,"sceneViewState":{"m_AlwaysRefresh":false,"showFog":true,"showSkybox":false,"showFlares":true,"showImageEffects":true,"showParticleSystems":true,"showVisualEffectGraphs":true,"m_FxEnabled":true},"in2DMode":false,"pivot":{"x":0.16893942654132844,"y":0.4230000376701355,"z":-0.22292715311050416},"rotation":{"x":-0.17977547645568849,"y":-0.03370954841375351,"z":0.005918147508054972,"w":-0.9828587174415588},"size":1.4357502460479737,"orthographic":false}