{"cameraMode":{"drawMode":0,"name":"Shaded","section":"Shading Mode"},"sceneLighting":false,"audioPlay":false,"sceneViewState":{"m_AlwaysRefresh":false,"showFog":true,"showSkybox":false,"showFlares":true,"showImageEffects":true,"showParticleSystems":true,"showVisualEffectGraphs":true,"m_FxEnabled":true},"in2DMode":false,"pivot":{"x":0.16893942654132844,"y":0.22300001978874207,"z":-0.22292715311050416},"rotation":{"x":-0.22683821618556977,"y":0.49583595991134646,"z":-0.13631103932857514,"w":-0.8268089294433594},"size":1.4357502460479737,"orthographic":false}