{"cameraMode":{"drawMode":0,"name":"Shaded","section":"Shading Mode"},"sceneLighting":false,"audioPlay":false,"sceneViewState":{"m_AlwaysRefresh":false,"showFog":true,"showSkybox":false,"showFlares":true,"showImageEffects":true,"showParticleSystems":true,"showVisualEffectGraphs":true,"m_FxEnabled":true},"in2DMode":false,"pivot":{"x":-4.800175666809082,"y":-7.448966979980469,"z":3.1625328063964845},"rotation":{"x":0.28692710399627688,"y":0.041641246527433398,"z":-0.01254722848534584,"w":0.9569401144981384},"size":16.150171279907228,"orthographic":false}