{"cameraMode":{"drawMode":0,"name":"Shaded","section":"Shading Mode"},"sceneLighting":false,"audioPlay":false,"sceneViewState":{"m_AlwaysRefresh":false,"showFog":true,"showSkybox":false,"showFlares":true,"showImageEffects":true,"showParticleSystems":true,"showVisualEffectGraphs":true,"m_FxEnabled":true},"in2DMode":false,"pivot":{"x":4.751528739929199,"y":-1.3085870742797852,"z":-1.279581069946289},"rotation":{"x":0.28692710399627688,"y":0.041641246527433398,"z":-0.01254722848534584,"w":0.9569401144981384},"size":14.459959983825684,"orthographic":false}