{"cameraMode":{"drawMode":0,"name":"Shaded","section":"Shading Mode"},"sceneLighting":false,"audioPlay":false,"sceneViewState":{"m_AlwaysRefresh":false,"showFog":true,"showSkybox":false,"showFlares":true,"showImageEffects":true,"showParticleSystems":true,"showVisualEffectGraphs":true,"m_FxEnabled":true},"in2DMode":false,"pivot":{"x":121.17945098876953,"y":4.83320426940918,"z":121.5488510131836},"rotation":{"x":0.21605762839317323,"y":0.017567185685038568,"z":-0.0038941034581512214,"w":0.9762207269668579},"size":2.0692050457000734,"orthographic":false}