{"cameraMode":{"drawMode":0,"name":"Shaded","section":"Shading Mode"},"sceneLighting":false,"audioPlay":false,"sceneViewState":{"m_AlwaysRefresh":false,"showFog":true,"showSkybox":false,"showFlares":true,"showImageEffects":true,"showParticleSystems":true,"showVisualEffectGraphs":true,"m_FxEnabled":true},"in2DMode":false,"pivot":{"x":0.00095367431640625,"y":1.1404396295547486,"z":0.0006389617919921875},"rotation":{"x":0.2503150403499603,"y":0.39885586500167849,"z":-0.11416886746883393,"w":0.8747965693473816},"size":16.567617416381837,"orthographic":false}