{"cameraMode":{"drawMode":0,"name":"Shaded","section":"Shading Mode"},"sceneLighting":false,"audioPlay":false,"sceneViewState":{"m_AlwaysRefresh":false,"showFog":true,"showSkybox":false,"showFlares":true,"showImageEffects":true,"showParticleSystems":true,"showVisualEffectGraphs":true,"m_FxEnabled":true},"in2DMode":false,"pivot":{"x":2.744166612625122,"y":-0.5134925842285156,"z":-3.0267391204833986},"rotation":{"x":0.28692710399627688,"y":0.041641246527433398,"z":-0.01254722848534584,"w":0.9569401144981384},"size":46.48580551147461,"orthographic":false}