{"cameraMode":{"drawMode":0,"name":"Shaded","section":"Shading Mode"},"sceneLighting":false,"audioPlay":false,"sceneViewState":{"m_AlwaysRefresh":false,"showFog":true,"showSkybox":false,"showFlares":true,"showImageEffects":true,"showParticleSystems":true,"showVisualEffectGraphs":true,"m_FxEnabled":true},"in2DMode":false,"pivot":{"x":1.2493599653244019,"y":-0.6463657021522522,"z":-3.1720831394195558},"rotation":{"x":0.06082043796777725,"y":0.9319553375244141,"z":-0.18552421033382417,"w":0.3055644631385803},"size":4.953024864196777,"orthographic":false}