{"cameraMode":{"drawMode":0,"name":"Shaded","section":"Shading Mode"},"sceneLighting":false,"audioPlay":false,"sceneViewState":{"m_AlwaysRefresh":false,"showFog":true,"showSkybox":false,"showFlares":true,"showImageEffects":true,"showParticleSystems":true,"showVisualEffectGraphs":true,"m_FxEnabled":true},"in2DMode":false,"pivot":{"x":-0.9292031526565552,"y":0.4333468973636627,"z":-2.0723683834075929},"rotation":{"x":0.186280757188797,"y":-0.06689861416816712,"z":0.01264538150280714,"w":0.9801523685455322},"size":0.6141496896743774,"orthographic":false}