{"cameraMode":{"drawMode":0,"name":"Shaded","section":"Shading Mode"},"sceneLighting":false,"audioPlay":false,"sceneViewState":{"m_AlwaysRefresh":false,"showFog":true,"showSkybox":false,"showFlares":true,"showImageEffects":true,"showParticleSystems":true,"showVisualEffectGraphs":true,"m_FxEnabled":true},"in2DMode":false,"pivot":{"x":0.11507366597652435,"y":0.7481737732887268,"z":1.3777779340744019},"rotation":{"x":-0.010508589446544648,"y":0.9893103837966919,"z":-0.10278341919183731,"w":-0.10342341661453247},"size":0.851685106754303,"orthographic":false}