{"cameraMode":{"drawMode":0,"name":"Shaded","section":"Shading Mode"},"sceneLighting":false,"audioPlay":false,"sceneViewState":{"m_AlwaysRefresh":false,"showFog":true,"showSkybox":false,"showFlares":true,"showImageEffects":true,"showParticleSystems":true,"showVisualEffectGraphs":true,"m_FxEnabled":true},"in2DMode":false,"pivot":{"x":0.9733495116233826,"y":0.48355960845947268,"z":1.2410207986831666},"rotation":{"x":-0.06436541676521301,"y":0.6201868057250977,"z":-0.051462553441524509,"w":-0.780182421207428},"size":0.1804649978876114,"orthographic":false}