{"cameraMode":{"drawMode":0,"name":"Shaded","section":"Shading Mode"},"sceneLighting":true,"audioPlay":false,"sceneViewState":{"m_AlwaysRefresh":false,"showFog":true,"showSkybox":false,"showFlares":true,"showImageEffects":true,"showParticleSystems":true,"showVisualEffectGraphs":true,"m_FxEnabled":true},"in2DMode":false,"pivot":{"x":-0.7084671854972839,"y":1.6536099910736085,"z":1.1578415632247925},"rotation":{"x":0.019511455669999124,"y":0.9750698804855347,"z":-0.19928665459156037,"w":0.09564024955034256},"size":0.8660253882408142,"orthographic":false}