{"cameraMode":{"drawMode":0,"name":"Shaded","section":"Shading Mode"},"sceneLighting":false,"audioPlay":false,"sceneViewState":{"m_AlwaysRefresh":true,"showFog":true,"showSkybox":true,"showFlares":true,"showImageEffects":true,"showParticleSystems":true,"showVisualEffectGraphs":true,"m_FxEnabled":true},"in2DMode":false,"pivot":{"x":11.026800155639649,"y":-0.18838150799274445,"z":253.01690673828126},"rotation":{"x":0.12863771617412568,"y":-0.17633873224258424,"z":0.02334684506058693,"w":0.9756439924240112},"size":24.717798233032228,"orthographic":false}