{"cameraMode":{"drawMode":0,"name":"Shaded","section":"Shading Mode"},"sceneLighting":false,"audioPlay":false,"sceneViewState":{"m_AlwaysRefresh":true,"showFog":true,"showSkybox":true,"showFlares":true,"showImageEffects":true,"showParticleSystems":true,"showVisualEffectGraphs":true,"m_FxEnabled":true},"in2DMode":false,"pivot":{"x":123.82579803466797,"y":11.056249618530274,"z":127.02407836914063},"rotation":{"x":0.14745913445949555,"y":-0.8333585858345032,"z":0.2666398286819458,"w":0.4612405598163605},"size":2.0836524963378908,"orthographic":false}