{"cameraMode":{"drawMode":0,"name":"Shaded","section":"Shading Mode"},"sceneLighting":false,"audioPlay":false,"sceneViewState":{"m_AlwaysRefresh":false,"showFog":true,"showSkybox":false,"showFlares":true,"showImageEffects":true,"showParticleSystems":true,"showVisualEffectGraphs":true,"m_FxEnabled":true},"in2DMode":false,"pivot":{"x":-3.0620288848876955,"y":-1.4322962760925294,"z":1.3034148216247559},"rotation":{"x":0.20953914523124696,"y":-0.5517073273658752,"z":0.14558365941047669,"w":0.7940705418586731},"size":4.316301345825195,"orthographic":false}