{"cameraMode":{"drawMode":0,"name":"Shaded","section":"Shading Mode"},"sceneLighting":true,"audioPlay":false,"sceneViewState":{"m_AlwaysRefresh":false,"showFog":true,"showSkybox":false,"showFlares":true,"showImageEffects":true,"showParticleSystems":true,"showVisualEffectGraphs":true,"m_FxEnabled":true},"in2DMode":false,"pivot":{"x":0.05582854524254799,"y":0.3630090653896332,"z":0.05015549436211586},"rotation":{"x":0.02133689820766449,"y":0.7025352120399475,"z":-0.021082382649183275,"w":0.7110164165496826},"size":0.8660253882408142,"orthographic":false}